#,player,position,team,avg_rank,median_rank,rank_sd,n_sources
1,Jahmyr Gibbs,RB,DET,1.7142857142857142,1,1.0301575072754254,7
2,Bijan Robinson,RB,ATL,2.5714285714285716,2,0.9035079029052513,7
3,Ja'Marr Chase,WR,CIN,2.7142857142857144,3,1.1605769149479943,7
4,Puka Nacua,WR,LAR,3.2857142857142856,3,1.1605769149479943,7
5,Jaxon Smith-Njigba,WR,SEA,5.714285714285714,5,1.0301575072754254,7
6,Christian McCaffrey,RB,SFO,5.857142857142857,6,1.6413036132965797,7
7,Amon-Ra St. Brown,WR,DET,7.428571428571429,7,1.2936264483053452,7
8,Jonathan Taylor,RB,IND,8,7,1.3093073414159544,7
9,CeeDee Lamb,WR,DAL,10.857142857142858,10,2.996596709057576,7
10,James Cook III,RB,BUF,11.714285714285714,12,2.249716535431946,7
11,Ashton Jeanty,RB,LVR,12.428571428571429,13,3.0639443699324596,7
12,Justin Jefferson,WR,MIN,13.714285714285714,12,4.65109159888563,7
13,De'Von Achane,RB,MIA,13.857142857142858,12,4.120630029101702,7
14,Drake London,WR,ATL,14.571428571428571,14,3.499271061118826,7
15,Chase Brown,RB,CIN,15,15,4.242640687119285,7
16,Saquon Barkley,RB,PHI,18,17,3.4641016151377544,7
17,Nico Collins,WR,HOU,19.714285714285715,21,3.9538150008851565,7
18,A.J. Brown,WR,NEP,19.857142857142858,22,5.938459911664722,7
19,Omarion Hampton,RB,LAC,20,23,5.126959555693246,7
20,Kenneth Walker III,RB,KCC,20.428571428571427,18,3.8861344310672696,7
21,Trey McBride,TE,ARI,21.285714285714285,22,4.948716593053935,7
22,Brock Bowers,TE,LVR,21.571428571428573,23,5.972727131533392,7
23,Rashee Rice,WR,KCC,21.857142857142858,21,6.620931557860839,7
24,Derrick Henry,RB,BAL,23,20,6.969320524371696,7
25,George Pickens,WR,DAL,24,22,5.0990195135927845,7
26,Chris Olave,WR,NOS,27.428571428571427,28,5.038626311013828,7
27,Jeremiyah Love,RB,ARI,27.428571428571427,27,7.499659856232393,7
28,DeVonta Smith,WR,PHI,30,30,3.5456210417116734,7
29,Malik Nabers,WR,NYG,30.857142857142858,28,5.383269623261935,7
30,Breece Hall,RB,NYJ,31.857142857142858,35,7.989789402348322,7
31,Kyren Williams,RB,LAR,32.714285714285715,34,8.344618209434419,7
32,Zay Flowers,WR,BAL,33.42857142857143,33,4.06578556307363,7
33,Josh Allen,QB,BUF,35.142857142857146,29,16.146017389778212,7
34,Garrett Wilson,WR,NYJ,35.285714285714285,34,6.755194524306794,7
35,Josh Jacobs,RB,GBP,37.142857142857146,36,7.586238884201002,7
36,Javonte Williams,RB,DAL,37.142857142857146,37,7.159979477795239,7
37,Tee Higgins,WR,CIN,38.285714285714285,39,6.13454587245254,7
38,Emeka Egbuka,WR,TBB,40.57142857142857,42,6.0676458804558004,7
39,Tetairoa McMillan,WR,CAR,40.714285714285715,42,6.0877930721892906,7
40,Cameron Skattebo,RB,NYG,40.714285714285715,39,9.019253781522627,7
41,Ladd McConkey,WR,LAC,42.285714285714285,40,6.157789160643516,7
42,Travis Etienne Jr.,RB,NOS,43.142857142857146,41,9.948848769417229,7
43,Jaylen Waddle,WR,DEN,45.142857142857146,47,6.468132241526726,7
44,Davante Adams,WR,LAR,46.714285714285715,43,8.048323440573299,7
45,Bucky Irving,RB,TBB,47.857142857142854,51,9.372125409632414,7
46,Colston Loveland,TE,CHI,49.142857142857146,41,18.47336748193055,7
47,Terry McLaurin,WR,WAS,49.285714285714285,49,5.091008480344417,7
48,Jameson Williams,WR,DET,51,52,8.58570240075241,7
49,Lamar Jackson,QB,BAL,51.142857142857146,48,17.811942794722,7
50,D'Andre Swift,RB,CHI,51.57142857142857,52,6.883876458946719,7
51,Quinshon Judkins,RB,CLE,51.857142857142854,54,12.642655365621478,7
52,Drake Maye,QB,NEP,53,52,16.801360489130463,7
53,D.J. Moore,WR,BUF,53.285714285714285,54,7.024737630368141,7
54,Luther Burden III,WR,CHI,57.142857142857146,47,20.03873799439883,7
55,Tyler Warren,TE,IND,57.857142857142854,52,18.878775470493476,7
56,Rome Odunze,WR,CHI,58.857142857142854,59,5.3030603409344526,7
57,Mike Evans,WR,SFO,59.42857142857143,53,9.693254544964214,7
58,David Montgomery,RB,HOU,60.142857142857146,62,6.791351042288407,7
59,Christian Watson,WR,GBP,60.42857142857143,58,12.315578321287031,7
60,Joe Burrow,QB,CIN,61.285714285714285,55,17.950044056565797,7
61,Jayden Daniels,QB,WAS,62,55,17.08800749063506,7
62,Bhayshul Tuten,RB,JAC,64,62,6.436503043467892,7
63,TreVeyon Henderson,RB,NEP,64.28571428571429,63,7.90504876128967,7
64,Jalen Hurts,QB,PHI,64.57142857142857,58,23.62115965979379,7
65,Carnell Tate,WR,TEN,67.42857142857143,71,9.648939880439018,7
66,Parker Washington,WR,JAC,68.57142857142857,68,13.135090873111535,7
67,Jaylen Warren,RB,PIT,70.28571428571429,74,16.068729932158703,7
68,Marvin Harrison Jr.,WR,ARI,71.14285714285714,68,6.70668262531743,7
69,D.K. Metcalf,WR,PIT,71.71428571428571,69,10.09546271088843,7
70,Tony Pollard,RB,TEN,72.85714285714286,68,9.356870225035895,7
71,Rhamondre Stevenson,RB,NEP,74.28571428571429,74,15.350330715044041,7
72,Courtland Sutton,WR,DEN,75.42857142857143,84,13.457415829806498,7
73,Brian Thomas Jr.,WR,JAC,77.28571428571429,78,13.176974351543093,7
74,Kyle Pitts Sr.,TE,ATL,77.85714285714286,72,9.876792009967774,7
75,Michael Pittman Jr.,WR,PIT,78.57142857142857,80,13.59471686099465,7
76,Alec Pierce,WR,IND,79.85714285714286,71,16.965751816346884,7
77,Harold Fannin Jr.,TE,CLE,80.57142857142857,73,18.204058753531886,7
78,Sam LaPorta,TE,DET,81,81,20.42407542932745,7
79,Caleb Williams,QB,CHI,82,87,13.979576940257221,7
80,Rico Dowdle,RB,PIT,84.14285714285714,83,12.799872448344068,7
81,Dak Prescott,QB,DAL,84.57142857142857,80,12.771140936358291,7
82,Josh Downs,WR,IND,85.71428571428571,86,10.165969642661254,7
83,Tucker Kraft,TE,GBP,87,76,25.019992006393608,7
84,Justin Herbert,QB,LAC,87,90,15.77520658682931,7
85,Michael Wilson,WR,ARI,87.28571428571429,88,21.27180753763928,7
86,Chris Godwin Jr.,WR,TBB,89.57142857142857,82,20.61800283287221,7
87,Chuba Hubbard,RB,CAR,90.14285714285714,93,15.07532109516905,7
88,Trevor Lawrence,QB,JAC,92,89,19.3464651625488,7
89,Jadarian Price,RB,SEA,93.14285714285714,71,50.163813284730516,7
90,Jakobi Meyers,WR,JAC,93.71428571428571,98,13.402710660953048,7
91,Kenneth Gainwell,RB,TBB,94.57142857142857,98,14.77311402376573,7
92,J.K. Dobbins,RB,DEN,95.28571428571429,96,8.171628369185767,7
93,Wan'Dale Robinson,WR,TEN,95.28571428571429,89,16.24556454380514,7
94,Jordyn Tyson,WR,NOS,95.85714285714286,89,23.067779454893177,7
95,Travis Kelce,TE,KCC,95.85714285714286,98,13.901989286517558,7
96,RJ Harvey,RB,DEN,96,100,13.277263057035297,7
97,Jonathon Brooks,RB,CAR,97,101,14.6482568441241,7
98,Jordan Addison,WR,MIN,98,94,7.111359122659224,7
99,Jaxson Dart,QB,NYG,99.28571428571429,94,19.432772655007945,7
100,Bo Nix,QB,DEN,100,96,17.76835067512699,7
101,Quentin Johnston,WR,LAC,100.71428571428571,101,12.925216612877167,7
102,Brock Purdy,QB,SFO,102.42857142857143,94,23.43292642450632,7
103,Jayden Reed,WR,GBP,104,110,16.115653437397,7
104,Aaron Jones Sr.,RB,MIN,104.85714285714286,107,14.055284429998679,7
105,George Kittle,TE,SFO,105.28571428571429,107,15.285046714394579,7
106,Kyle Monangai,RB,CHI,106.57142857142857,108,5.627918743883488,7
107,Patrick Mahomes II,QB,KCC,106.85714285714286,107,15.394141477741936,7
108,Jacory Croskey-Merritt,RB,WAS,107.57142857142857,111,11.133695867656408,7
109,Rachaad White,RB,WAS,109,105,9.365590516047865,7
110,Matthew Stafford,QB,LAR,109.28571428571429,111,13.002354574837433,7
111,Matthew Golden,WR,GBP,109.28571428571429,113,19.351738834491524,7
112,Stefon Diggs,WR,WAS,109.5,108,11.828637565952668,6
113,Khalil Shakir,WR,BUF,111.42857142857143,115,21.61254359894565,7
114,Blake Corum,RB,LAR,111.85714285714286,113,6.770283206327306,7
115,Makai Lemon,WR,PHI,112,115,14.121918121437025,7
116,Xavier Worthy,WR,KCC,113,114,8.502100580780862,7
117,Mark Andrews,TE,BAL,116,126,22.859821271642275,7
118,Romeo Doubs,WR,NEP,116.57142857142857,119,12.408029000347694,7
119,Jordan Mason,RB,MIN,116.71428571428571,119,14.129141978946368,7
120,Jared Goff,QB,DET,117.85714285714286,115,14.106012612951071,7
121,Jayden Higgins,WR,HOU,118.57142857142857,128,17.807359175810614,7
122,Zach Charbonnet,RB,SEA,119.14285714285714,123,19.01449500797124,7
123,Dallas Goedert,TE,PHI,120.57142857142857,119,12.431034238746909,7
124,Kyler Murray,QB,MIN,122.42857142857143,133,23.92164078735369,7
125,Deebo Samuel Sr.,WR,SFO,123.85714285714286,124,10.789261479142404,7
126,Woody Marks,RB,HOU,125,127,9.957050624700928,7
127,Jalen Coker,WR,CAR,126.85714285714286,126,22.881237300639214,7
128,Isaiah Likely,TE,NYG,127.57142857142857,117,29.12464416879945,7
129,Jake Ferguson,TE,DAL,129,133,18.935982376719423,7
130,Tyrone Tracy Jr.,RB,NYG,131,130,12.094863136295272,7
131,KC Concepcion,WR,CLE,134,125,28.535691936340257,7
132,Dalton Kincaid,TE,BUF,135.14285714285714,135,15.084794344244912,7
133,Tyjae Spears,RB,TEN,136.57142857142858,137,15.81009752257934,7
134,Tyler Shough,QB,NOS,136.85714285714286,136,20.328927815368154,7
135,Baker Mayfield,QB,TBB,141.28571428571428,149,19.94789130076006,7
136,Chris Rodriguez Jr.,RB,JAC,141.71428571428572,139,14.229890931358797,7
137,Rashid Shaheed,WR,SEA,145.57142857142858,143,12.793493244136064,7
138,Jalen McMillan,WR,TBB,146.71428571428572,160,23.644475559626944,7
139,Jerry Jeudy,WR,CLE,147.42857142857142,145,42.63753257018362,7
140,Isiah Pacheco,RB,DET,147.57142857142858,141,16.01657304934167,7
141,Tyler Allgeier,RB,ARI,148.42857142857142,144,9.693254544964214,7
142,Tre Tucker,WR,LVR,148.71428571428572,140,30.259422550029345,7
143,Alvin Kamara,RB,NOS,148.85714285714286,141,28.331852702409357,7
144,Hunter Henry,TE,NEP,150.71428571428572,148,22.60034314350297,7
145,Dylan Sampson,RB,CLE,153.42857142857142,145,23.243168845043133,7
146,Jordan Love,QB,GBP,154,164,30.664078565737373,7
147,Juwan Johnson,TE,NOS,157.71428571428572,146,23.31593131447304,7
148,Malik Washington,WR,MIA,158,157.5,46.2240918425302,6
149,Denzel Boston,WR,CLE,159.14285714285714,152,28.129438425294754,7
150,Brenton Strange,TE,JAC,162,160,15.023790657297036,7
151,Brian Robinson Jr.,RB,ATL,163.28571428571428,156,28.32320747430723,7
152,T.J. Hockenson,TE,MIN,163.83333333333334,163,31.007615552025637,6
153,Jauan Jennings,WR,MIN,164.28571428571428,164,31.453885908986035,7
154,Houston Texans,DST,,165.33333333333334,166.5,16.33673433979046,6
155,Rashod Bateman,WR,BAL,165.6,161,26.650328328183875,5
156,Jalen Nailor,WR,LVR,166.42857142857142,161,31.531649147470603,7
157,Kenyon Sadiq,TE,NYJ,167,159,33.087762088119526,5
158,Travis Hunter,WR,JAC,167.66666666666666,170.5,23.033791601808755,6
159,Ryan Flournoy,WR,DAL,167.83333333333334,169,24.781825777954474,6
160,Adonai Mitchell,WR,NYJ,168.14285714285714,159,19.61361459677997,7
161,Seattle Seahawks,DST,,168.5,169,12.763881332363862,6
162,Tre' Harris,WR,LAC,170.66666666666666,171.5,19.22382780706162,6
163,Tank Bigsby,RB,PHI,170.71428571428572,158,24.188038872339277,7
164,Malik Willis,QB,MIA,170.85714285714286,147,55.24084558013357,7
165,Dalton Schultz,TE,HOU,174,167,30.491216533852594,7
166,Keaton Mitchell,RB,LAC,175.71428571428572,150,52.09253932245216,7
167,Brandon Aubrey,K,,177.83333333333334,183,32.302820654274484,6
168,Denver Broncos,DST,,178,168,25.508168626278653,6
169,C.J. Stroud,QB,HOU,178.33333333333334,192.5,34.38345855527367,6
170,Chigoziem Okonkwo,TE,WAS,178.42857142857142,176,23.67552770784419,7
171,Kayshon Boutte,WR,NEP,178.5,184,44.43628397304767,6
172,Daniel Jones,QB,IND,179.66666666666666,152.5,62.1735921075464,6
173,Omar Cooper Jr.,WR,NYJ,181.57142857142858,163,34.11265849194042,7
174,Sam Darnold,QB,SEA,182.16666666666666,183,37.569565105577446,6
175,Tank Dell,WR,HOU,183,195,26.404545063303022,5
176,Calvin Ridley,WR,TEN,183.28571428571428,193,29.37790367759068,7
177,Ka'imi Fairbairn,K,,184.16666666666666,189.5,22.10140769775134,6
178,Cooper Kupp,WR,SEA,187.5,198,41.2583324917525,6
179,Jonah Coleman,RB,DEN,187.66666666666666,192,28.88290536324596,6
180,Dontayvion Wicks,WR,PHI,189,188,7.2387844283415435,5
181,Mike Washington Jr.,RB,LVR,189.85714285714286,191,26.324505538314195,7
182,Bryce Young,QB,CAR,190.4,191,32.28374203836972,5
183,Pat Freiermuth,TE,PIT,190.6,187,25.593749236874224,5
184,Justice Hill,RB,BAL,190.83333333333334,186,31.152403153243608,6
185,Ray Davis,RB,BUF,192,177,32.63214891571106,7
186,Kimani Vidal,RB,LAC,193.85714285714286,188,21.944270787797056,7
187,Jake Tonges,TE,SFO,194,194,0,1
188,Braelon Allen,RB,NYJ,195.42857142857142,173,42.71118001131769,7
189,Troy Franklin,WR,DEN,196.66666666666666,200,44.96912521077347,3
190,Antonio Williams,WR,WAS,198,189,45.807568515839534,6
191,New England Patriots,DST,,198.16666666666666,183.5,30.36125088917707,6
192,Jalen Tolbert,WR,MIA,198.25,205,27.806249297594956,4
193,Los Angeles Rams,DST,,199.5,187.5,34.91298707739953,6
194,Pittsburgh Steelers,DST,,200.16666666666666,175.5,51.2621259367533,6
195,Jason Myers,K,,200.5,204,19.989580619245952,6
196,Isaac TeSlaa,WR,DET,200.8,201,17.904189453868053,5
197,Cameron Dicker,K,,201.5,186,65.17348642917098,6
198,Pat Bryant,WR,DEN,201.83333333333334,194,27.631001107853876,6
199,AJ Barner,TE,SEA,202.83333333333334,196.5,15.507166801908795,6
200,Cameron Ward,QB,TEN,205.8,199,64.1198877104444,5
201,Michael Carter,RB,TEN,207,207,0,1
202,Greg Dulcich,TE,MIA,208.5,213.5,45.360592294780865,6
203,Xavier Legette,WR,CAR,209.4,210,31.340708351918277,5
204,Los Angeles Chargers,DST,,210,196,40.67759416025813,6
205,Jacoby Brissett,QB,ARI,210.16666666666666,200,35.26290150033349,6
206,Cam Little,K,,211.16666666666666,191.5,49.85785349927888,6
207,Philadelphia Eagles,DST,,211.2,182,53.13153489218997,5
208,Oronde Gadsden II,TE,LAC,211.66666666666666,210,36.04472530374205,6
209,Ty Johnson,RB,BUF,211.66666666666666,208.5,33.63364717395695,6
210,Darius Slayton,WR,NYG,213,252,65.56828501646204,5
211,James Conner,RB,ARI,214,197,45.489925624618614,6
212,Aaron Rodgers,QB,PIT,214.4,219,40.361367667610075,5
213,Tyquan Thornton,WR,KCC,214.6,198,43.6971394944795,5
214,De'Zhaun Stribling,WR,SFO,217.71428571428572,164,146.8076625926534,7
215,Baltimore Ravens,DST,,217.75,186,71.31050062929022,4
216,Minnesota Vikings,DST,,218.66666666666666,190.5,53.742182894093744,6
217,Jake Bates,K,,221.16666666666666,205.5,55.076966349121136,6
218,Keon Coleman,WR,BUF,221.2,221,24.506325713986584,5
219,Samaje Perine,RB,CIN,221.33333333333334,219,30.38457210859192,6
220,Jaydon Blue,RB,DAL,223,204,66.51745206012801,7
221,Emmett Johnson,RB,KCC,224,218.5,37.24692381034081,6
222,Colby Parkinson,TE,LAR,225.66666666666666,257,56.00793594562193,3
223,Tyler Loop,K,,226.83333333333334,198.5,84.97728454645329,6
224,Darnell Mooney,WR,NYG,228.4,206,40.77057762651886,5
225,Cleveland Browns,DST,,228.75,220.5,45.26242923220096,4
226,Andy Borregales,K,,229,229,0,1
227,Tyreek Hill,WR,FA,229,229,0,1
228,Gunnar Helm,TE,TEN,229.75,227.5,16.82817577754642,4
229,Jacksonville Jaguars,DST,,229.83333333333334,205,57.00998937808083,6
230,Jaylin Noel,WR,HOU,230.4,209,44.33328320799171,5
231,Detroit Lions,DST,,231.2,213,62.48007682453664,5
232,Kareem Hunt,RB,FA,232,232,0,1
233,Sean Tucker,RB,TBB,232.33333333333334,225,39.49120858565303,6
234,Elic Ayomanor,WR,TEN,232.33333333333334,243,51.181593913784624,3
235,Andrei Iosivas,WR,CIN,232.66666666666666,206,43.49201714746691,3
236,Jordan James,RB,SFO,232.85714285714286,247,28.07860686119071,7
237,Chase McLaughlin,K,,234.16666666666666,222.5,44.853155469326296,6
238,Will Reichard,K,,234.66666666666666,226.5,40.42963709403728,6
239,Jaylen Wright,RB,MIA,235,231,17.540429489230494,6
240,Buffalo Bills,DST,,235.4,216,56.20533782480095,5
241,KaVontae Turpin,WR,DAL,236.5,244.5,32.48461174156157,4
242,MarShawn Lloyd,RB,GBP,237,183,136.31056976101092,7
243,Harrison Mevis,K,,238,208,72.37402849088892,4
244,Chimere Dike,WR,TEN,238.33333333333334,237,75.94003482280534,3
245,Cade Otton,TE,TBB,239.25,233.5,31.641547054466223,4
246,Jack Bech,WR,LVR,239.6,244,37.04375790872195,5
247,DeMario Douglas,WR,NEP,240,246,31.312936623702353,4
248,Malachi Fields,WR,NYG,240.5,240.5,20.5,2
249,Darren Waller,TE,FA,242,259,45.306364527146364,3
250,Brandon Aiyuk,WR,SFO,242,230.5,24.50510150968569,4
251,Nick Chubb,RB,FA,243,243,0,1
252,Eddy Pineiro,K,,243.5,197,119.42187125201704,6
253,Marvin Mims Jr.,WR,DEN,243.5,264,40.283371259118816,4
254,Kendrick Bourne,WR,ARI,243.5,243.5,26.5,2
255,Germie Bernard,WR,PIT,247,202.5,134.3354011420668,6
256,Emanuel Wilson,RB,SEA,248.2,249,26.07220742476555,5
257,Luke McCaffrey,WR,WAS,248.5,248.5,2.5,2
258,Wil Lutz,K,,248.6,210,73.1808718177093,5
259,Devaughn Vele,WR,NOS,250,250.5,27.667670664513846,4
260,Kalif Raymond,WR,CHI,250.5,250.5,5.5,2
261,Kaelon Black,RB,SFO,253,236,68.84281613453457,6
262,Kevin Coleman Jr.,WR,MIA,253,253,0,1
263,Harrison Butker,K,,253.4,220,90.68539022356357,5
264,Roman Wilson,WR,PIT,253.5,253.5,12.5,2
265,Jahan Dotson,WR,ATL,254,271,33.65511352924941,3
266,Joshua Palmer,WR,BUF,256.5,256.5,12.5,2
267,Christian Kirk,WR,SFO,256.6666666666667,256,26.948510575210317,3
268,Isaiah Davis,RB,NYJ,257.8,249,37.615954062073186,5
269,Mack Hollins,WR,NEP,258.6666666666667,300,70.81588020274046,3
270,Kansas City Chiefs,DST,,259.25,209.5,104.5236217321233,4
271,Keenan Allen,WR,FA,259.3333333333333,292,46.906526435265086,3
272,Najee Harris,RB,FA,259.5,259.5,32.5,2
273,Cairo Santos,K,,260.75,204.5,124.19012641913204,4
274,Marquise Brown,WR,PHI,261,261,0,1
275,David Njoku,TE,LAC,261.25,266,29.200813344836817,4
276,Devin Singletary,RB,NYG,261.5,285.5,48.8082984747471,4
277,Chris Boswell,K,,263.4,237,88.85853926325821,5
278,Evan Engram,TE,DEN,265,264.5,18.12456896039186,4
279,Sterling Shepard,WR,TBB,267,267,0,1
280,Mike Gesicki,TE,CIN,268,278,30.53686296920494,4
281,Caleb Douglas,WR,MIA,268.4,205,159.59899749058576,5
282,George Holani,RB,SEA,268.57142857142856,239,135.8369370583265,7
283,Geno Smith,QB,NYJ,268.8,255,85.61401754385786,5
284,Kaytron Allen,RB,WAS,269.3333333333333,223,105.22621135228407,6
285,Malik Davis,RB,DAL,269.75,274,22.219079638904937,4
286,Demarcus Robinson,WR,SFO,271,271,0,1
287,Xavier Hutchinson,WR,HOU,274.5,274.5,69.5,2
288,Theo Johnson,TE,NYG,275.6666666666667,278,17.632041540584257,3
289,Kyle Juszczyk,RB,SFO,276,276,2,2
290,Green Bay Packers,DST,,276.25,220.5,134.88027098134108,4
291,Ollie Gordon II,RB,MIA,279.75,249.5,67.06852838701622,4
292,Tory Horton,WR,SEA,279.75,268.5,30.13614938906429,4
293,Christopher Brooks,RB,GBP,280.2,249,57.665934484754516,5
294,Emari Demercado,RB,KCC,280.8,276,62.489679147840086,5
295,Brashard Smith,RB,KCC,281,270,51.28352561983234,4
296,Chicago Bears,DST,,281.25,240.5,110.53364872291152,4
297,Ashton Dulin,WR,IND,282.3333333333333,295,29.169999809545576,3
298,Devontez Walker,WR,BAL,282.5,282.5,25.5,2
299,Trey Benson,RB,ARI,284.3333333333333,275,55.10192575783738,3
300,New Orleans Saints,DST,,285.25,274,76.80616837207803,4
301,Ted Hurst,WR,TBB,287.5,255.5,68.60940168810686,4
302,Tez Johnson,WR,TBB,287.5,287.5,10.5,2
303,Zachariah Branch,WR,ATL,292,225,172.1499346500021,5
304,LeQuint Allen,RB,JAC,293,241,113.33313725473234,5
305,Olamide Zaccheaus,WR,ATL,293,293,16,2
306,Demond Claiborne,RB,MIN,294.3333333333333,249.5,120.6657458528402,6
307,Tutu Atwell,WR,MIA,294.5,294.5,58.5,2
308,Tommy Tremble,TE,CAR,295,295,0,1
309,Dawson Knox,TE,BUF,300.5,300.5,21.5,2
310,Ja'Kobi Lane,WR,BAL,301.2,242,170.48213982702117,5
311,Mason Taylor,TE,NYJ,304.6666666666667,303,26.562295750848712,3
312,Savion Williams,WR,GBP,307.5,307.5,54.5,2
313,DJ Giddens,RB,IND,309,262,87.89766777338293,4
314,David Moore,WR,CAR,310,310,0,1
315,Isaiah Williams,WR,NYJ,318,318,0,1
316,Calvin Austin III,WR,NYG,318,318,57,2
317,Kendre Miller,RB,NOS,318.4,298,62.68843593518664,5
318,Hollywood Brown,WR,,322,322,27,2
319,Jeremy McNichols,RB,WAS,324,324,0,1
320,Greg Dortch,WR,DET,325,325,0,1
321,Kyle Williams,WR,NEP,325.5,325.5,29.5,2
322,Barion Brown,WR,NOS,327,327,0,1
323,Nicholas Singleton,RB,TEN,328,219,232.37613187818295,6
324,Isaiah Bond,WR,CLE,328,328,20,2
325,Cedric Tillman,WR,CLE,332,332,19,2
326,Tampa Bay Buccaneers,DST,,332.6666666666667,235,146.6886347184251,3
327,Devin Neal,RB,NOS,335,335,44,2
328,Jordan Whittington,WR,LAR,338.5,338.5,44.5,2
329,Jake Elliott,K,,341,288,112.18140071628035,3
330,Cole Kmet,TE,CHI,341,341,27,2
331,Xavier Smith,WR,LAR,342,342,0,1
332,New York Giants,DST,,343.5,343.5,130.5,2
333,Malik Benson,WR,LVR,346,346,0,1
334,Stetson Bennett IV,QB,LAR,347,347,0,1
335,Nick Westbrook-Ikhine,WR,IND,347.3333333333333,284,140.42158745086962,3
336,Indianapolis Colts,DST,,351,255,148.6741403203664,3
337,Michael Mayer,TE,LVR,352,331,58.65719620529664,3
338,Tyler Higbee,TE,LAR,354,354,45,2
339,Noah Gray,TE,KCC,355.5,355.5,70.5,2
340,Hunter Luepke,RB,DAL,356.5,356.5,65.5,2
341,Tyrell Shavers,WR,BUF,357,357,0,1
342,Brenen Thompson,WR,LAC,357,357,20,2
343,Jaleel McLaughlin,RB,DEN,361,361,0,1
344,John Metchie,WR,CAR,363.5,363.5,43.5,2
345,Zay Jones,WR,ARI,365,365,0,1
346,Andres Borregales,K,,366,366,164,2
347,Tennessee Titans,DST,,366.5,366.5,118.5,2
348,Terrance Ferguson,TE,LAR,370,231,313.2430366344957,5
349,Raheim Sanders,RB,CLE,371,371,32,2
350,Kevin Austin,WR,NOS,373,373,0,1
351,Will Shipley,RB,PHI,374,307,117.35700518787392,3
352,Chris Bell,WR,MIA,379.75,241,248.64067949553225,4
353,Treylon Burks,WR,WAS,381.5,381.5,77.5,2
354,Dyami Brown,WR,WAS,383.5,383.5,105.5,2
355,Evan McPherson,K,,385.3333333333333,256,205.94713453268105,3
356,Jalen Royals,WR,KCC,386,386,67,2
357,Jawhar Jordan,RB,HOU,387.5,387.5,104.5,2
358,Jimmy Horn,WR,CAR,388,388,67,2
359,Atlanta Falcons,DST,,388.5,388.5,109.5,2
360,Dont'e Thornton,WR,LVR,389,389,73,2
361,Cyrus Allen,WR,KCC,389.6666666666667,315,218.75607928060472,3
362,Van Jefferson,WR,WAS,390,390,0,1
363,Tyler Badie,RB,DEN,390.5,390.5,112.5,2
364,Cincinnati Bengals,DST,,392,392,107,2
365,Nick Folk,K,,404,404,147,2
366,Michael Penix Jr.,QB,ATL,409,291,237.92015467378968,4
367,Isaac Guerendo,RB,SFO,409,409,0,1
368,Blake Grupe,K,,412,412,0,1
369,Kaleb Johnson,RB,PIT,412.6666666666667,340,141.1413790810083,3
370,Adam Randall,RB,BAL,418,283.5,259.52167539533184,4
371,Zavier Scott,RB,MIN,421,421,0,1
372,Trevor Etienne,RB,CAR,431.6666666666667,302,199.1353531869439,3
373,Seth McGowan,RB,IND,431.6666666666667,326,182.18366800810904,3
374,San Francisco 49ers,DST,,432.5,289.5,283.12938738322447,4
375,Xavier Weaver,WR,ARI,433,433,0,1
376,Carolina Panthers,DST,,434,434,0,1
377,Konata Mumpfield,WR,LAR,434.5,434.5,150.5,2
378,Lil'Jordan Humphrey,WR,DEN,440,440,0,1
379,Deshaun Watson,QB,CLE,440.75,288.5,274.4898677547133,4
380,Jahdae Walker,WR,CHI,442,442,99,2
381,Tahj Brooks,RB,CIN,442.3333333333333,342,188.20615174737395,3
382,Zavion Thomas,WR,CHI,442.5,442.5,101.5,2
383,Tyler Bass,K,,449.5,449.5,213.5,2
384,Tai Felton,WR,MIN,450,450,116,2
385,Chad Ryland,K,,452,452,0,1
386,Skyler Bell,WR,BUF,454,454,143,2
387,Fernando Mendoza,QB,LVR,462.2,250,471.6979542037468,5
388,Trey Smack,K,,463,287,334.2972728974418,3
389,Charlie Smyth,K,,463,463,251,2
390,Bo Melton,WR,GBP,463,463,0,1
391,Malachi Corley,WR,CLE,465,465,0,1
392,Arian Smith,WR,NYJ,466.5,466.5,137.5,2
393,Darius Cooper,WR,PHI,467,467,0,1
394,Gabriel Davis,WR,BUF,468,468,0,1
395,Darnell Washington,TE,PIT,472,472,134,2
396,Noah Fant,TE,NOS,473,473,138,2
397,JuJu Smith-Schuster,WR,NYG,479,479,0,1
398,David Sills,WR,TBB,480,480,0,1
399,Ben Skowronek,WR,PIT,481,481,0,1
400,Elijah Sarratt,WR,BAL,488.5,488.5,228.5,2
401,Bub Means,WR,NOS,490,490,0,1
402,Mitchell Tinsley,WR,CIN,493,493,0,1
403,Bryce Oliver,WR,TEN,494,494,0,1
404,Tua Tagovailoa,QB,ATL,496.2,264,469.8431227548191,5
405,Jake Bobo,WR,SEA,504,504,0,1
406,Colbie Young,WR,CIN,506,506,176,2
407,Raheem Mostert,RB,LVR,509,509,0,1
408,Josh Reynolds,WR,NYJ,510,510,0,1
409,New York Jets,DST,,514,514,216,2
410,Jaret Patterson,RB,LAC,515,515,0,1
411,Roschon Johnson,RB,CHI,518,518,0,1
412,Derius Davis,WR,LAC,520,520,0,1
413,Andrew Beck,RB,NYJ,524,524,0,1
414,Deion Burks,WR,IND,528.5,528.5,204.5,2
415,Mason Tipton,WR,NOS,529,529,0,1
416,Daniel Bellinger,TE,TEN,532,532,0,1
417,Dylan Laube,RB,LVR,536.5,536.5,188.5,2
418,Jerome Ford,RB,WAS,537,537,0,1
419,Anthony Gould,WR,IND,543,543,215,2
420,Alexander Mattison,RB,MIA,549,549,0,1
421,Sione Vaki,RB,DET,552,552,252,2
422,Jaylin Lane,WR,WAS,553,553,0,1
423,Rasheen Ali,RB,BAL,558,558,0,1
424,Miami Dolphins,DST,,563,563,0,1
425,Joey Slye,K,,565,565,0,1
426,Jake Moody,K,,566.5,566.5,326.5,2
427,Tim Patrick,WR,NYJ,567,567,0,1
428,Nikko Remigio,WR,KCC,568,568,0,1
429,Justin Watson,WR,HOU,577,577,0,1
430,Brycen Tremayne,WR,CAR,578,578,0,1
431,Isaiah Hodgins,WR,NYG,579,579,0,1
432,Ameer Abdullah,RB,JAC,584,584,0,1
433,Elijah Moore,WR,PHI,589,589,0,1
434,Kalel Mullings,RB,TEN,593.5,593.5,257.5,2
435,Las Vegas Raiders,DST,,596,596,0,1
436,Shedrick Jackson,WR,LVR,598,598,0,1
437,Josh Oliver,TE,MIN,599,599,0,1
438,Marquez Valdes-Scantling,WR,DAL,600,600,0,1
439,Kameron Johnson,WR,TBB,601,601,0,1
440,Dare Ogunbowale,RB,LVR,605,605,0,1
441,Scotty Miller,WR,CHI,612,612,0,1
442,Jonathan Mingo,WR,DAL,615,615,0,1
443,Riley Patterson,K,,621,621,0,1
444,KeAndre Lambert-Smith,WR,LAC,622,622,0,1
445,Jalin Hyatt,WR,NYG,624,624,0,1
446,Riley Nowakowski,TE,PIT,625,625,0,1
447,Cody White,WR,SEA,636,636,0,1
448,Jalen Brooks,WR,ARI,639,639,0,1
449,Washington Commanders,DST,,641,641,0,1
450,Mason Kinsey,WR,TEN,643,643,0,1
451,Elijah Arroyo,TE,SEA,644,644,326,2
452,Gage Larvadain,WR,CLE,646,646,0,1
453,Dylan Drummond,WR,ATL,648,648,0,1
454,Adam Prentice,RB,DEN,649,649,0,1
455,Josh Cameron,WR,JAC,659,659,0,1
456,Jam Miller,RB,NEP,664,664,0,1
457,Ronnie Rivers,RB,LAR,667,667,0,1
458,Kirk Cousins,QB,LVR,669,290,540.9442361895232,3
459,Eli Raridon,TE,NEP,669,669,0,1
460,Cedrick Wilson,WR,DET,670,670,0,1
461,Dee Eskridge,WR,MIA,673,673,0,1
462,Ja'Tavion Sanders,TE,CAR,675,675,0,1
463,Erick All,TE,CIN,679.5,679.5,356.5,2
464,Shedeur Sanders,QB,CLE,682.6666666666666,325,532.9129593303416,3
465,Eli Stowers,TE,PHI,684,684,415,2
466,Arizona Cardinals,DST,,685,685,0,1
467,Adam Trautman,TE,DEN,689,689,0,1
468,Dante Pettis,WR,BUF,694,694,0,1
469,British Brooks,RB,HOU,718,718,0,1
470,Drew Sample,TE,CIN,719,719,0,1
471,Austin Hooper,TE,ATL,722,722,0,1
472,Tylan Wallace,WR,CLE,723,723,0,1
473,Jordan Watkins,WR,SFO,724,724,0,1
474,Tom Kennedy,WR,DET,726,726,0,1
475,Skyy Moore,WR,GBP,728,728,0,1
476,Oscar Delp,TE,NOS,731.5,731.5,446.5,2
477,Julius Chestnut,RB,TEN,732,732,0,1
478,Tim Jones,WR,JAC,738,738,0,1
479,Velus Jones,WR,SEA,739,739,0,1
480,Pierre Strong Jr.,RB,GBP,742,742,0,1
481,Alex Bachman,WR,LVR,745,745,0,1
482,Devin Duvernay,WR,ARI,748,748,0,1
483,Johnny Wilson,WR,PHI,749,749,0,1
484,Reggie Gilliam,RB,NEP,750,750,0,1
485,Jacob Cowing,WR,SFO,751,751,0,1
486,Myles Price,WR,MIN,753,753,0,1
487,Kaden Wetjen,WR,PIT,754,754,0,1
488,Alec Ingold,RB,LAC,755,755,0,1
489,Corey Kiner,RB,ARI,757,757,0,1
490,Trey Palmer,WR,NOS,760,760,0,1
491,Eric Gray,RB,NYG,792,792,0,1
492,Bryce Lance,WR,NOS,793,793,0,1
493,AJ Dillon,RB,CAR,798,798,0,1
494,Brock Wright,TE,DET,812,812,0,1
495,Tyler Goodson,RB,ATL,825,825,0,1
496,Mitchell Evans,TE,CAR,837,837,0,1
497,Ty Chandler,RB,NOS,840,840,0,1
498,Dameon Pierce,RB,PHI,841,841,0,1
499,D'Ernest Johnson,RB,NEP,849,849,0,1
500,Nathan Carter,RB,ATL,850,850,0,1
501,Tanner Hudson,TE,CIN,853,853,0,1
502,Kene Nwangwu,RB,NYJ,854,854,0,1
503,Frank Gore Jr.,RB,BUF,858,858,0,1
504,Elijah Higgins,TE,ARI,860,860,0,1
505,Ryan Fitzgerald,K,,862,862,0,1
506,Ulysses Bentley,RB,IND,863,863,0,1
507,Phil Mafah,RB,DAL,864,864,0,1
508,Jacob Saylors,RB,DET,865,865,0,1
509,Patrick Ricard,RB,NYG,867,867,0,1
510,Craig Reynolds,RB,NEP,871,871,0,1
511,Michael Burton,RB,CLE,873,873,0,1
512,Josh Williams,RB,TBB,875,875,0,1
513,DeeJay Dallas,RB,JAC,876,876,0,1
514,Travis Homer,RB,PIT,887,887,0,1
515,Eli Heidenreich,RB,PIT,888,888,0,1
516,Donovan Edwards,RB,MIA,891,891,0,1
517,Gardner Minshew,QB,ARI,892.5,892.5,559.5,2
518,Brittain Brown,RB,CHI,894,894,0,1
519,Jackson Hawes,TE,BUF,899,899,0,1
520,Jack Stoll,TE,CLE,909,909,0,1
521,Jeremy Ruckert,TE,NYJ,920,920,0,1
522,Luke Schoonmaker,TE,DAL,944,944,0,1
523,Luke Farrell,TE,SFO,953,953,0,1
524,Dallas Cowboys,DST,,954,954,0,1
525,Andre Szmyt,K,,959,959,0,1
526,Mo Alie-Cox,TE,IND,968,968,0,1
527,Ben Sinnott,TE,WAS,969,969,0,1
528,Ben Sauls,K,,984,984,0,1
529,Brevyn Spann-Ford,TE,DAL,986,986,0,1
530,Nate Boerkircher,TE,JAC,991,991,0,1
531,Cade Stover,TE,HOU,993,993,0,1
532,Jason Sanders,K,,998,998,0,1
533,Drew Ogletree,TE,IND,1000,1000,0,1
534,Payne Durham,TE,TBB,1004,1004,0,1
535,Luke Musgrave,TE,GBP,1007,1007,0,1
536,Durham Smythe,TE,BAL,1008,1008,0,1
537,Will Kacmarek,TE,MIA,1010,1010,0,1
538,Foster Moreau,TE,HOU,1012,1012,0,1
539,Matt Gay,K,,1019,1019,0,1
540,Stone Smartt,TE,PHI,1020,1020,0,1
541,Keleki Latu,TE,BUF,1023,1023,0,1
542,Josh Whyle,TE,GBP,1031,1031,0,1
543,Ian Thomas,TE,LVR,1033,1033,0,1
544,Tip Reiman,TE,ARI,1034,1034,0,1
545,John Bates,TE,WAS,1037,1037,0,1
546,Donald Parham,TE,PIT,1041,1041,0,1
547,David Martin-Robinson,TE,TEN,1044,1044,0,1
548,Grant Calcaterra,TE,PHI,1054,1054,0,1
549,Nate Adkins,TE,DEN,1069,1069,0,1
550,Cam Grandy,TE,CIN,1072,1072,0,1
551,Tyler Conklin,TE,DET,1076,1076,0,1
552,John FitzPatrick,TE,GBP,1081,1081,0,1
553,Matthew Hibner,TE,BAL,1086,1086,0,1
554,Spencer Shrader,K,,1089,1089,0,1
555,James Mitchell,TE,CAR,1090,1090,0,1
556,Hunter Long,TE,JAC,1092,1092,0,1
557,Charlie Kolar,TE,LAC,1103,1103,0,1
558,Charlie Woerner,TE,ATL,1137,1137,0,1
559,Pharaoh Brown,TE,IND,1143,1143,0,1
560,Kylen Granson,TE,TEN,1144,1144,0,1
561,Chris Manhertz,TE,NYG,1152,1152,0,1
562,Eric Saubert,TE,SEA,1158,1158,0,1
563,Zaire Mitchell-Paden,TE,NOS,1160,1160,0,1
564,Seydou Traore,TE,MIA,1163,1163,0,1
565,Ben Yurosek,TE,MIN,1168,1168,0,1
566,Max Klare,TE,LAR,1171,1171,0,1
567,Travis Vokolek,TE,ARI,1174,1174,0,1
568,Tanner Koziol,TE,JAC,1177,1177,0,1
569,Justin Joly,TE,DEN,1179,1179,0,1
570,Sam Roush,TE,CHI,1181,1181,0,1
571,Johnny Mundt,TE,PHI,1182,1182,0,1
572,Dre Miller,TE,GBP,1188,1188,0,1
573,Devin Culp,TE,TBB,1190,1190,0,1
574,Max Bredeson,TE,MIN,1191,1191,0,1
575,Joe Royer,TE,CLE,1193,1193,0,1
576,Will Mallory,TE,IND,1194,1194,0,1
577,Robert Tonyan,TE,PIT,1195,1195,0,1
578,Moliki Matavao,TE,NOS,1196,1196,0,1
579,Jared Wiley,TE,KCC,1198,1198,0,1
580,Ben Sims,TE,MIA,1199,1199,0,1
581,Tyree Jackson,TE,WAS,1200,1200,0,1
582,Blake Whiteheart,TE,CLE,1201,1201,0,1
583,Colson Yankoff,TE,WAS,1209,1209,0,1
584,Jack Westover,TE,NEP,1210,1210,0,1
585,Feleipe Franks,TE,CAR,1214,1214,0,1
586,Jelani Woods,TE,NYJ,1215,1215,0,1
587,Nick Kallerup,TE,SEA,1216,1216,0,1
588,Drake Dabney,TE,GBP,1217,1217,0,1
589,Brevin Jordan,TE,HOU,1218,1218,0,1
590,Josh Cuevas,TE,BAL,1219,1219,0,1
591,Cade York,K,,1347,1347,0,1
592,J.J. McCarthy,QB,MIN,1437,1437,0,1
593,Spencer Rattler,QB,NOS,1438,1438,0,1
594,Jameis Winston,QB,NYG,1439,1439,0,1
595,Marcus Mariota,QB,WAS,1440,1440,0,1
596,Mason Rudolph,QB,PIT,1441,1441,0,1
597,Davis Mills,QB,HOU,1442,1442,0,1
598,Mac Jones,QB,SFO,1443,1443,0,1
599,Tyrod Taylor,QB,GBP,1444,1444,0,1
600,Joe Flacco,QB,CIN,1445,1445,0,1
601,Justin Fields,QB,KCC,1446,1446,0,1
602,Joe Milton,QB,DAL,1447,1447,0,1
603,Anthony Richardson,QB,IND,1448,1448,0,1
604,Kenny Pickett,QB,CAR,1449,1449,0,1
605,Quinn Ewers,QB,MIA,1450,1450,0,1
606,Ty Simpson,QB,LAR,1451,1451,0,1
607,Jake Browning,QB,TBB,1453,1453,0,1
608,Cade Klubnik,QB,NYJ,1454,1454,0,1
609,Carson Wentz,QB,MIN,1455,1455,0,1
610,Andy Dalton,QB,PHI,1456,1456,0,1
611,Tyler Huntley,QB,BAL,1457,1457,0,1
612,Trey Lance,QB,LAC,1458,1458,0,1
613,Will Levis,QB,TEN,1459,1459,0,1
614,Aidan O'Connell,QB,LVR,1460,1460,0,1
615,Drew Lock,QB,SEA,1461,1461,0,1
616,Dillon Gabriel,QB,CLE,1462,1462,0,1
617,Tyson Bagent,QB,CHI,1463,1463,0,1
618,Tommy DeVito,QB,NEP,1464,1464,0,1
619,Nick Mullens,QB,JAC,1465,1465,0,1
620,Riley Leonard,QB,IND,1466,1466,0,1
621,Tanner McKee,QB,PHI,1467,1467,0,1
622,Mitchell Trubisky,QB,TEN,1468,1468,0,1
623,Joshua Dobbs,QB,DET,1469,1469,0,1
624,Jalen Milroe,QB,SEA,1470,1470,0,1
625,Zach Wilson,QB,NOS,1471,1471,0,1
626,Kyle Allen,QB,BUF,1472,1472,0,1
627,Brady Cook,QB,NYJ,1473,1473,0,1
628,Shane Buechele,QB,BUF,1474,1474,0,1
629,Josh Johnson,QB,CIN,1475,1475,0,1
630,Brandon Allen,QB,NYG,1494,1494,0,1
631,Jarrett Stidham,QB,DEN,1495,1495,0,1
