name,position,roster,projection,low,high
Alex Mercer,QB,Harbor Hawks,22.4,12.0,32.0
Theo Brooks,RB,Harbor Hawks,18.6,8.0,29.0
Jordan Vale,RB,Harbor Hawks,16.2,9.0,24.0
Noah Ellis,RB,Harbor Hawks,13.5,4.0,27.0
Evan Cole,WR,Harbor Hawks,12.1,6.0,19.0
Leo Grant,WR,Harbor Hawks,10.8,2.0,25.0
Owen Wells,TE,Harbor Hawks,11.2,5.0,18.0
Finn Hayes,TE,Harbor Hawks,7.5,2.0,13.0
Sam Archer,QB,Prairie Foxes,21.0,11.0,31.0
Luke Rivers,RB,Prairie Foxes,11.8,5.0,20.0
Max Stone,RB,Prairie Foxes,10.1,3.0,19.0
Miles Reed,WR,Prairie Foxes,19.0,8.0,31.0
Charlie Lane,WR,Prairie Foxes,17.1,10.0,25.0
Kai West,WR,Prairie Foxes,14.3,4.0,28.0
Jesse Quinn,TE,Prairie Foxes,10.8,4.0,19.0
Riley Hart,TE,Prairie Foxes,7.8,2.0,15.0
